scenario,policy_family,allocation_family,budget_k,expected_wait1,delta_wait1,p90_wait1,delta_p90_wait1,p95_wait1,delta_p95_wait1,high_wait_prob,delta_high_wait_prob,top10_priority_wait1,mean_toplock_reduction_min,max_toplock_reduction_min
Uniform queue governance,queue,uniform,10,5.629024689517254,-0.033116489596253906,8.928477992018507,-0.07288319474640659,11.35930081314157,-0.1445697764488454,0.09707305881196124,-0.0029280337379409827,9.412737454968184,3.2658937492534577,9.717991442432314
Hard-Topk queue governance,queue,hard_topk,10,5.61076712487545,-0.05137405423805852,8.83001089510568,-0.171350291659234,11.159353474023492,-0.3445171155669229,0.09290498093500421,-0.00709611161489801,9.23191092373829,14.115485623047059,37.41561316174927
Soft-Topk queue governance,queue,soft_topk,10,5.613626997802363,-0.04851418131114471,8.831139907380686,-0.1702212793842275,11.16139624642276,-0.34247434316765535,0.09305247517180347,-0.006948617378098751,9.244940787043992,13.333693824704905,36.637643964885065
Rank-Weighted queue governance,queue,rank_weighted,10,5.619566422144413,-0.04257475696909552,8.887018811805063,-0.11434237495985045,11.217589613909988,-0.28628097568042676,0.09549978695276906,-0.0045013055971331595,9.29779820964773,10.162248468480731,22.446053349716024
