scenario,policy_family,allocation_family,budget_k,expected_wait1,delta_wait1,p90_wait1,delta_p90_wait1,p95_wait1,delta_p95_wait1,high_wait_prob,delta_high_wait_prob,top10_priority_wait1,mean_toplock_reduction_min,max_toplock_reduction_min,subset_low_eff_share,delta_subset_low_eff_share,subset_state4_share,delta_subset_state4_share,low_eff_share,delta_low_eff_share,state4_share,delta_state4_share,state4_within_h,delta_state4_within_h
Uniform empty/barge-tug governance,structural,uniform,10,5.609474141340347,-0.05266703777316106,8.934561639830807,-0.0667995469341065,11.316712027281685,-0.18715856230872951,0.09746637677675928,-0.0025347157731429454,8.007585174504985,4.535707216423967,14.155499540416159,0.44925130386953926,-0.010082992100196364,0.26184380270694163,-0.004888324213905226,0.40451838527399514,-0.0072706996572161064,0.23887450569775676,-0.002934131867428247,0.523693444198983,-0.0006257439023465983
Hard-Topk empty/barge-tug governance,structural,hard_topk,10,5.616462755303529,-0.045678423809978774,8.96192732681145,-0.03943385995346382,11.485751389913418,-0.018119199676997155,0.09839504419364355,-0.0016060483562586741,7.79795550331968,17.11348748754218,53.05354102166568,0.41571786279727807,-0.04361643317245756,0.24542439844713396,-0.0213077284737129,0.4061035900150584,-0.005685494916152833,0.23903112979803065,-0.0027775077671543524,0.5236861895148562,-0.0006329985864733656
Soft-Topk empty/barge-tug governance,structural,soft_topk,10,5.614723647931759,-0.04741753118174952,8.975678707463258,-0.025682479301655903,11.483407129295594,-0.02046346029482038,0.09893585639524086,-0.0010652361546613642,7.815350957096994,16.06976026090338,53.05354102166568,0.42194313924424337,-0.03739115672549226,0.24860271797390188,-0.01812940894694498,0.4060285899087789,-0.005760495022432366,0.23926269330118713,-0.0025459442639978735,0.523917471566404,-0.0004017165349256002
Rank-Weighted empty/barge-tug governance,structural,rank_weighted,10,5.608634633151365,-0.05350654596214355,8.959396366328493,-0.041964820436421135,11.374268786321213,-0.12960180326920145,0.09836226769657704,-0.0016388248533251853,7.874377769712328,12.528151503983366,53.05354102166568,0.4329892958141215,-0.02634500015561414,0.2536699252853464,-0.013062201635500481,0.40553380036693776,-0.006255284564273489,0.23923082651612226,-0.0025778110490627393,0.5240409411892993,-0.00027824691203026664
